FirstName|LastName|EmployeeId|YearBorn
Heather|Casey|10000|1998
Kendall|Lowe|10003|1984
Erasmus|Greer|10006|1994
Jeremy|Williamson|10009|1979
Scarlet|Berry|10012|1962
Jin|Skinner|10015|1981
Christian|Espinoza|10018|1992
Martina|Calhoun|10021|1965
Riley|Johnston|10024|1992
Kuame|Fleming|10027|1987
Yasir|Summers|10030|1981
Gage|Dunn|10033|1968
Reuben|Wilson|10036|1977
Channing|Bridges|10039|1967
Brady|Stanley|10042|1962
John|Hood|10045|1975
Fredericka|Holt|10048|1975
Grace|Molina|10051|1971
Paki|Livingston|10054|1983
Vernon|Fernandez|10057|1994
Brennan|Conrad|10060|1979
Nadine|Grimes|10063|1985
Alexander|Buckley|10066|1972
Shad|Davis|10069|1991
Nehru|Francis|10072|1982
Sebastian|Jacobson|10075|1967
Zane|Lee|10078|1990
Yardley|Christensen|10081|1988
Xaviera|Morales|10084|1994
Gray|Strickland|10087|1982
Dillon|Mendez|10090|1961
Kevin|Tucker|10093|1971
Brynne|Johnson|10096|1982
Paki|Nichols|10099|1962
Eagan|Sutton|10102|1986
Nehru|Humphrey|10105|1966
Lee|Burton|10108|1974
Britanney|Durham|10111|1988
Carla|Grant|10114|1975
Wendy|Bright|10117|1984
Kyle|Hall|10120|1967
Brooke|Sellers|10123|1972
Hilda|Garza|10126|1965
Amanda|Pennington|10129|1989
Giselle|Mccarthy|10132|1990
Samantha|Glover|10135|1970
Flynn|Giles|10138|1975
Maggy|Gamble|10141|1987
Frances|Underwood|10144|1997
Branden|Boyer|10147|1983
Willa|Beard|10150|1969
Cora|Howe|10153|1996
Wylie|Carver|10156|1968
Oliver|Berg|10159|1968
Felicia|Noel|10162|1991
Macaulay|Peters|10165|1978
Lucius|Mayo|10168|1968
Ruth|Gamble|10171|1983
Nadine|Donovan|10174|1982
Phillip|Farrell|10177|1975
Graham|Wagner|10180|1982
Asher|Horn|10183|1991
Odette|Garcia|10186|1979
Beck|Campbell|10189|1977
Amy|Pacheco|10192|1981
Sierra|Maldonado|10195|1984
Cassandra|Kerr|10198|1971
Imani|Bass|10201|1971
Kirsten|Clay|10204|1985
Judith|Banks|10207|1998
Eugenia|Kim|10210|1979
Michael|Webb|10213|1962
Ria|Obrien|10216|1968
Yeo|Horne|10219|1970
Helen|Crosby|10222|1970
Nomlanga|Morris|10225|1997
Yuri|Santiago|10228|1985
Nichole|Pearson|10231|1978
Raphael|Whitney|10234|1974
Morgan|Nielsen|10237|1988
Justin|Burnett|10240|1990
Rogan|Blankenship|10243|1971
Urielle|Sexton|10246|1967
Rhonda|Todd|10249|1988
Georgia|Walter|10252|1967
Tarik|Ellison|10255|1995
Norman|Austin|10258|1967
Justin|Gregory|10261|1984
Uta|Alvarado|10264|1966
Murphy|Mccormick|10267|1989
Blake|Branch|10270|1995
Guy|Guerra|10273|1972
Barrett|Powell|10276|1980
Rogan|Webster|10279|1968
Virginia|Knowles|10282|1980
Oren|Haynes|10285|1969
Shay|Becker|10288|1992
Alan|Stokes|10291|1965
Mia|Cochran|10294|1971
Hadley|Randolph|10297|1975
